{
  "cookie": "ln_or\u003deyI1MDc2MDk4IjoiZCJ9; _gat_UA-74059508-1\u003d1; _hjSessionUser_3545205\u003deyJpZCI6IjVjOTNhNTk3LTI4OTMtNWE4Zi05MTA2LWRmY2EzOGU4OWY0YSIsImNyZWF0ZWQiOjE2OTM4ODgyMTgxMTgsImV4aXN0aW5nIjp0cnVlfQ\u003d\u003d; _ga_ZH4E9KLLW2\u003dGS1.1.1693888217.1.1.1693888219.58.0.0; _gid\u003dGA1.3.499094011.1693888217; _hjAbsoluteSessionInProgress\u003d1; _hjSession_3545205\u003deyJpZCI6IjYzNGY0M2IzLTNlMzQtNGNlZC05NzI5LWM3NzVmMjllM2E0ZiIsImNyZWF0ZWQiOjE2OTM4ODgyMTgxMTksImluU2FtcGxlIjpmYWxzZX0\u003d; _hjFirstSeen\u003d1; _ga\u003dGA1.1.2082178895.1693888217; _hjIncludedInSessionSample_3545205\u003d0; SpryMedia_DataTables_ResponsiveHelper_datatable-boletim_index.php\u003d%7B%22columnIndexes%22%3A%5B0%2C1%2C2%2C3%2C4%2C5%2C6%2C7%2C8%2C9%2C10%5D%2C%22columnsHiddenIndexes%22%3A%5B0%2C1%2C2%2C3%2C4%2C6%2C7%2C8%2C9%2C10%5D%2C%22breakpoints%22%3A%7B%22phone%22%3A%7B%22name%22%3A%22phone%22%2C%22upperLimit%22%3A480%2C%22columnsToHide%22%3A%5B0%2C1%2C2%2C3%2C4%2C6%2C7%2C8%2C9%2C10%5D%2C%22lowerLimit%22%3A0%7D%2C%22tablet%22%3A%7B%22name%22%3A%22tablet%22%2C%22upperLimit%22%3A1024%2C%22columnsToHide%22%3A%5B0%2C1%2C2%2C3%2C4%2C6%2C7%2C8%2C9%2C10%5D%2C%22lowerLimit%22%3A480%7D%2C%22always%22%3A%7B%22name%22%3A%22always%22%2C%22lowerLimit%22%3A1024%2C%22upperLimit%22%3Anull%2C%22columnsToHide%22%3A%5B%5D%7D%7D%2C%22expandColumn%22%3A5%2C%22lastBreakpoint%22%3A%22tablet%22%7D; _fbp\u003dfb.2.1693888217607.278981428; PHPSESSID\u003d4417104a7017c6e0259bd65e43a047f1; _gcl_au\u003d1.1.15065476.1693888217; ",
  "dayCreate": 5,
  "monthCreate": 9
}